Gene name,uniprot_id,pdb_id,resolution,chain(s),chimeric form,start,end,Sequence length,Experimental methodology,organism from PDB,Description
APOE,P02649,1NFN,1.80 A ,A,monomer,19,209,191,X-ray,homo sapiens,apolipoprotein E|apolipoprotein E3
CDH1,P12830,4ZT1,1.92 A,A/B,homo_dimer,157,367,211,X-ray,homo sapiens,"cadherin-1|CAM 120/80|E-cadherin 1|cadherin 1, E-cadherin (epithelial)|cadherin 1, type 1, E-cadherin (epithelial)|calcium-dependent adhesion protein, epithelial|cell-CAM 120/80|epididymis secretory sperm binding protein|epithelial cadherin|uvomorulin"
SERPINA1,P01009,6I7U,1.55 A,A,monomer,26,418,404,X-ray,homo sapiens,"alpha-1-antitrypsin|alpha-1 antitrypsin|alpha-1 protease inhibitor|alpha-1-antiproteinase|alpha-1-antitrypsin short transcript variant 1C4|alpha-1-antitrypsin short transcript variant 1C5|epididymis secretory sperm binding protein|protease inhibitor 1 (anti-elastase), alpha-1-antitrypsin|serine (or cysteine) proteinase inhibitor, clade A, member 1|serpin A1|serpin peptidase inhibitor clade A (alpha-1antiproteinase, antitrypsin) member 1|serpin peptidase inhibitor clade A member 1|serpin peptidase inhibitor, clade A (alpha-1 antiproteinase, antitrypsin), member 1"
IL12B,P29460,5MXA,2.5 A,B[auth A],heterodimer,1,328,328,X-ray,homo sapiens,"interleukin-12 subunit beta|CLMF p40|IL-12 subunit p40|IL12, subunit p40|NK cell stimulatory factor chain 2|cytotoxic lymphocyte maturation factor 40 kDa subunit|interleukin 12, p40|interleukin 12B (natural killer cell stimulatory factor 2, cytotoxic lymphocyte maturation factor 2, p40)|interleukin-12 beta chain|natural killer cell stimulatory factor, 40 kD subunit"
GC,P02774,1KXP,2.10 A,B [auth D],heterodimer,17,474,375,X-ray,homo sapiens,vitamin D-binding protein|epididymis secretory protein Li 51|gc protein-derived macrophage activating factor|gc-globulin|group-specific component (vitamin D binding protein)|vitamin D-binding alpha-globulin|vitamin D-binding protein-macrophage activating factor
TF,P02787,3V83,2.10 A,"A,B,C,D,E,F",homo-tetramere,1,698,698,X-ray,homo sapiens,serotransferrin|beta-1 metal-binding globulin|epididymis secretory sperm binding protein Li 71p|siderophilin
SERPINC1,P01008,2GD4,3.30 A,"F [auth C], C [auth I]",hetero-sextamere,22,464,443,X-ray,homo sapiens,"antithrombin-III|serine (or cysteine) proteinase inhibitor, clade C (antithrombin), member 1|serpin peptidase inhibitor clade C member 1|serpin peptidase inhibitor, clade C (antithrombin), member 1"
SAA!,P0DJI8,4IP8,2.19 A,"A.B,C,D",homo-tetramer,19,122,105,X-ray,homo sapiens,serum amyloid A-1 protein|serum amyloid A protein|tumor protein p53 inducible protein 4
VTN,P04004,6O5E,1.90 A,"A,B",homodimer,154,474,204,X-ray,homo sapiens,vitronectin|complement S-protein|epibolin|serum spreading factor|somatomedin B
SERPINA3,P01011,1QMN,2.27 A,A,monomer,26,423,401,X-ray,homo sapiens,"alpha-1-antichymotrypsin|cell growth-inhibiting gene 24/25 protein|growth-inhibiting protein 24|growth-inhibiting protein 25|serine (or cysteine) proteinase inhibitor, clade A, member 3|serpin A3|serpin peptidase inhibitor, clade A (alpha-1 antiproteinase, antitrypsin), member 3"
PI3,P19957,1FLE,1.90 A,B[auth I],monomer,61,117,57,X-ray,homo sapiens,"elafin|PI-3|WAP four-disulfide core domain 14|WAP four-disulfide core domain protein 14|elastase-specific inhibitor|peptidase inhibitor 3, skin-derived|pre-elafin|protease inhibitor 3, skin-derived (SKALP)|protease inhibitor WAP3|skin-derived antileukoproteinase|trappin-2"
FETUB,Q9UGM5,6SAZ,3.00 A,"B, D",hetero-tetramer,1,382,382,X-ray,homo sapiens,fetuin-B|fetuin-like protein IRL685
IL6,P05231,1ALU,1.90 A,A,monomer,28,212,186,X-ray,homo sapiens,interleukin-6|B-cell differentiation factor|B-cell stimulatory factor 2|CTL differentiation factor|hybridoma growth factor|interferon beta-2|interleukin BSF-2 
AQP1,P29972,4CSK,3.28 A,A,monomer,1,269,292,X-ray,homo sapiens,"aquaporin-1|Colton blood group antigen|aquaporin 1 (channel-forming integral protein, 28kDa, CO blood group)|aquaporin 1, Colton blood group antigen|aquaporin-CHIP|channel-like integral membrane protein, 28-kDa|urine water channel|water channel protein for red blood cells and kidney proximal tubule"
TGFB1,P01137,3KFD,3.00 A,"C [auth A], D [auth B], A [auth C], B [auth D]",hetero-tetramer,279,390,112,X-ray,homo sapiens,transforming growth factor beta-1 proprotein|TGF-beta-1|latency-associated peptide|prepro-transforming growth factor beta-1|transforming growth factor beta1
TP53,P04637,"2BIP, ",1.80 A ,A,monomer,94,312,219,X-ray,homo sapiens,cellular tumor antigen p53|antigen NY-CO-13|mutant tumor protein 53|p53 tumor suppressor|phosphoprotein p53|transformation-related protein 53|tumor protein 53|tumor supressor p53
DNASE1,P24855,4AWN,1.95 A ,A,hetero-dimer,23,282,260,X-ray,homo sapiens,"deoxyribonuclease-1|DNase I, lysosomal|Dornase alfa|deoxyribonuclease I|human urine deoxyribonuclease I"
MMP9,P14780,1L6J,2.50 A,A,monomer,20,444,425,X-ray,homo sapiens,"matrix metalloproteinase-9|macrophage gelatinase|matrix metallopeptidase 9 (gelatinase B, 92kDa gelatinase, 92kDa type IV collagenase)|matrix metalloproteinase 9 (gelatinase B, 92kDa gelatinase, 92kDa type IV collagenase)|type V collagenase"
EGFR,P00533,5XWD,2.89 A,A,hetero_trimer,1,643,651,X-ray,homo sapiens,epidermal growth factor receptor|avian erythroblastic leukemia viral (v-erb-b) oncogene homolog|cell growth inhibiting protein 40|cell proliferation-inducing protein 61|epidermal growth factor receptor tyrosine kinase domain|erb-b2 receptor tyrosine kinase 1|proto-oncogene c-ErbB-1|receptor tyrosine-protein kinase erbB-1
CDKN2A,P42771,1BI7,3.40 A,B,hetero_dimer,1,156,156,X-ray,homo sapiens,"cyclin-dependent kinase inhibitor 2A|CDK4 inhibitor p16-INK4|alternative reading frame|cell cycle negative regulator beta|cyclin-dependent kinase 4 inhibitor A|cyclin-dependent kinase inhibitor 2A (melanoma, p16, inhibits CDK4)|multiple tumor suppressor 1"
CXCL8,P10145,6N2U,1.25 A,A,monomer,1,99,99,X-ray,homo sapiens,"interleukin-8|T-cell chemotactic factor|alveolar macrophage chemotactic factor I|beta endothelial cell-derived neutrophil activating peptide|beta-thromboglobulin-like protein|chemokine (C-X-C motif) ligand 8|emoctakin|granulocyte chemotactic protein 1|interleukin 8|lung giant cell carcinoma-derived chemotactic protein|lymphocyte derived neutrophil activating peptide|monocyte-derived neutrophil chemotactic factor|monocyte-derived neutrophil-activating peptide|neutrophil-activating peptide 1|small inducible cytokine subfamily B, member 8|tumor necrosis factor-induced gene 1"
TERT,O14746,5UGW,2.31 A,A,monomer,961,1132,175,X-ray,homo sapiens,telomerase reverse transcriptase|telomerase catalytic subunit|telomerase-associated protein 2
VEGFA,P15692,4GLN,1.60 A,"B [auth E], C [auth F]",hetero_dimer,34,135,102,X-ray,homo sapiens,vascular endothelial growth factor A|vascular endothelial growth factor A121|vascular endothelial growth factor A165|vascular permeability factor
CRP,P02741,3PVN,1.98 A,"A, B, C, D, E, F, G, H, I, J, K, L, M, N, O, P, Q, R, S, T",homo-multimer,19,224,206,X-ray,homo sapiens,"C-reactive protein|C-reactive protein, pentraxin-related|pentraxin 1"
KRAS,P01116,6GOD,1.71 A,A,monomer,2,173,172,X-ray,homo sapiens,GTPase KRas|K-ras p21 protein|Kirsten rat sarcoma viral oncogene homolog|Kirsten rat sarcoma viral proto-oncogene|PR310 c-K-ras oncogene|c-Kirsten-ras protein|cellular c-Ki-ras2 proto-oncogene|cellular transforming proto-oncogene|oncogene KRAS2|transforming protein p21|v-Ki-ras2 Kirsten rat sarcoma 2 viral oncogene homolog
CCL22,P13500,1DOK,1.85 A,"A, B",homo-dimer,24,99,77,X-ray,homo sapiens,"C-C motif chemokine 2|chemokine (C-C motif) ligand 2|monocyte chemoattractant protein-1|monocyte chemotactic and activating factor|monocyte chemotactic protein 1|monocyte secretory protein JE|small inducible cytokine A2 (monocyte chemotactic protein 1, homologous to mouse Sig-je)|small inducible cytokine subfamily A (Cys-Cys), member 2|small-inducible cytokine A2"
C9orf72,Q96LT7,6V4U,3.80 A,A,hetero-dimer,1,481,436,electron m,homo sapiens,guanine nucleotide exchange C9orf72|protein C9orf72
KLK3,P03952,2ZCH,2.83 A,P,hetero-trimer,25,261,237,X-ray,homo sapiens,prostate-specific antigen|P-30 antigen|gamma-seminoprotein|kallikrein-3|semenogelase|seminin
BCL2,P10415,5VAU,1.75 A,"A, B, C, D",hetero-tetramer,1,207,168,X-ray,homo sapiens,"apoptosis regulator Bcl-2|B-cell CLL/lymphoma 2|protein phosphatase 1, regulatory subunit 50"
BRAF, P15056,5C9C,2.70 A ,"A, B",homo_dimer,432,736,307,X-ray,homo sapiens,serine/threonine-protein kinase B-raf|94 kDa B-raf protein|B-Raf proto-oncogene serine/threonine-protein kinase (p94)|B-Raf serine/threonine-protein|murine sarcoma viral (v-raf) oncogene homolog B1|proto-oncogene B-Raf|v-raf murine sarcoma viral oncogene homolog B|v-raf murine sarcoma viral oncogene homolog B1
IL1B,P01584,5R8Q,1.23 A,A,monomer,117,269,153,X-ray,homo sapiens,interleukin-1 beta|IL-1 beta|catabolin|interleukin 1beta|preinterleukin 1 beta|pro-interleukin-1-beta
ADIPOQ,Q15848,6U66,0.99 A,"A, B, C",homotrimer,107,244,142,X-ray,homo sapiens,adiponectin|30 kDa adipocyte complement-related protein|adipocyte complement-related 30 kDa protein|adipose most abundant gene transcript 1 protein|adipose specific collagen-like factor|gelatin-binding protein 28
ICAM1,P05362,1MQ8,3.30 A,"A, C",hetero-dimer,28,318,291,X-ray,homo sapiens,"intercellular adhesion molecule 1|ICAM-1|cell surface glycoprotein P3.58|epididymis secretory sperm binding protein|intercellular adhesion molecule 1 (CD54), human rhinovirus receptor|major group rhinovirus receptor"
DRD2,P14416,6CM4,2.87 A,A/A,monomer,35/363,222/443,430,X-ray,homo sapiens,D(2) dopamine receptor|dopamine D2 receptor|seven transmembrane helix receptor
LRRK2,Q5S007,6DLO,2.70 A ,A/B,homo-dimer,2142,2527,389,X-ray,homo sapiens,leucine-rich repeat serine/threonine-protein kinase 2|augmented in rheumatoid arthritis 17
SPP1,P10451,3CXD,2.80 A ,"L, H, P",hetero-trimer,,,213,X-ray,homo sapiens,"Secreted Phosphoprotein 1 (Osteopontin, Bone Sialoprotein I, Early T-Lymphocyte Activation 1)"
BCKDHB,P21953,1U5B,1.83 A,B,hetero-dimer,51,392,342,X-ray,Homo sapiens,"2-oxoisovalerate dehydrogenase subunit beta, mitochondrial|E1b-beta subunit of the branched-chain complex|branched chain alpha-ketoacid dehydrogenase E1-beta subunit|branched chain keto acid dehydrogenase E1, beta polypeptide|branched-chain alpha-keto acid dehydrogenase E1 component beta chain|testis secretory sperm-binding protein Li 240mP"
MMP2,P08253,1CK7,2.80 A ,A,monomer,30,660,631,X-ray,homo sapiens,"72 kDa type IV collagenase|collagenase type IV-A|matrix metallopeptidase 2 (gelatinase A, 72kDa gelatinase, 72kDa type IV collagenase)|matrix metalloproteinase-2|matrix metalloproteinase-II|neutrophil gelatinase"
GSTP1,P09211,2A2R,1.40 A,"A, B",homo-dimer,1,210,210,X-ray,homo sapiens,"glutathione S-transferase P|GST class-pi|GSTP1-1|deafness, X-linked 7|epididymis secretory protein Li 22|fatty acid ethyl ester synthase III"
PIK3CA,P42336,4JPS,2.20 A,A,hetero-dimer,1,1068,1074,X-ray,homo sapiens,"phosphatidylinositol 4,5-bisphosphate 3-kinase catalytic subunit alpha isoform|PI3-kinase p110 subunit alpha|phosphatidylinositol 3-kinase, catalytic, 110-KD, alpha|phosphatidylinositol 3-kinase, catalytic, alpha polypeptide|phosphatidylinositol-4,5-bisphosphate 3-kinase 110 kDa catalytic subunit alpha|phosphoinositide-3-kinase, catalytic, alpha polypeptide|ptdIns-3-kinase subunit p110-alpha|serine/threonine protein kinase PIK3CA"
BDN,P23560,1BND,2.30 A,A,hetero-dimer,129,247,119,X-ray,homo sapiens,brain-derived neurotrophic factor|abrineurin|neurotrophin
LCN2,P80188,3CBC,2.17 A,"A, B, C",homo-trimer,1,198,198,X-ray,homo sapiens,neutrophil gelatinase-associated lipocalin|25 kDa alpha-2-microglobulin-related subunit of MMP-9|migration-stimulating factor inhibitor|oncogene 24p3|siderocalin LCN2
F2,P00734,5EDM,2.20 A ,A,monomer,44,622,568,X-ray,homo sapiens,prothrombin|prepro-coagulation factor II|prothrombin B-chain|thrombin factor II
MLH1,P40692,4P7A,2.30 A ,A,monomer,1,347,348,x-ray,homo sapiens,"DNA mismatch repair protein Mlh1|mutL homolog 1, colon cancer, nonpolyposis type 2"
TIMP1,P01033,3V96,1.90 A,A,hetero-dimer,24,207,184,X-ray,homo sapiens,metalloproteinase inhibitor 1|collagenase inhibitor|epididymis secretory sperm binding protein|erythroid potentiating activity|fibroblast collagenase inhibitor|tissue inhibitor of metalloproteinases 1
CD44,P16070,1UUH,2.20 A,"A, B",monomer,20,178,159,X-ray,homo sapiens,CD44 antigen|GP90 lymphocyte homing/adhesion receptor|Hermes antigen|Indian blood group antigen|cell surface glycoprotein CD44|chondroitin sulfate proteoglycan 8|epican|extracellular matrix receptor III|hematopoietic cell E- and L-selectin ligand|heparan sulfate proteoglycan|homing function and Indian blood group system|hyaluronate receptor|phagocytic glycoprotein 1|soluble CD44
HMGB1,P09429,6CIK,3.15 A ,N,hetero-trimer,1,163,163,X-ray,homo sapiens,high mobility group protein B1|Amphoterin|Sulfoglucuronyl carbohydrate binding protein|high-mobility group (nonhistone chromosomal) protein 1
BIRC5, O15392,2QFA,1.40 A ,A,hetero-trimer,1,142,142,x-ray,homo sapiens,baculoviral IAP repeat-containing protein 5|apoptosis inhibitor 4|apoptosis inhibitor survivin|survivin variant 3 alpha
NOS3,P29474,4D1P,1.73 A,"A., B",monomer,41,480,440,X-ray,homo sapiens,"nitric oxide synthase, endothelial|EC-NOS|NOS type III|NOSIII|cNOS|constitutive NOS|endothelial NOS|nitric oxide synthase 3 (endothelial cell)|nitric oxide synthase 3 transcript variant eNOS-delta20|nitric oxide synthase 3 transcript variant eNOS-delta20-21|nitric oxide synthase 3 transcript variant eNOS-delta21"
EDN1,P05305,6DK5,1.85 A,A. B,monomer,53,73,21,X-ray,homo sapiens,endothelin-1|preproendothelin-1
APOA1,P02647,3K2S,N/A,"A, B",homo-dimer,25,267,243,X-ray,homo sapiens,apolipoprotein A-I|apo-AI|epididymis secretory sperm binding protein
MTHFR,P42898,6FCX,2.50 A,"A, B",homo-dimer,37,644,615,X-ray,homo sapiens,"methylenetetrahydrofolate reductase|5,10-methylenetetrahydrofolate reductase (NADPH)|methylenetetrahydrofolate reductase (NAD(P)H)"
CST3,P01034,3GAX,1.70 A,"A, B",homo-dimer,27,146,120,X-ray,homo sapiens,cystatin-C|bA218C14.4 (cystatin C)|cystatin 3|epididymis secretory protein Li 2|gamma-trace|neuroendocrine basic polypeptide|post-gamma-globulin
RB1,P06400,4ELJ,2.70 A ,A,monomer,53,787,656,X-ray,homo sapiens,"retinoblastoma-associated protein|GOS563 exon 17 substitution mutation causes premature stop|exon 17 tumor GOS561 substitution mutation causes premature stop|prepro-retinoblastoma-associated protein|protein phosphatase 1, regulatory subunit 130|retinoblastoma 1|retinoblastoma suspectibility protein"
ALK,Q9UM73,4FOC,1.70 A,A,monomer,1058,1410,353,X-ray,homo sapiens,ALK tyrosine kinase receptor|CD246 antigen|anaplastic lymphoma receptor tyrosine kinase|mutant anaplastic lymphoma kinase
S100B,P04271,5D7F,1.30 A,"A, B",hetero-dimer,1,92,92,X-ray,homo sapiens,"protein S100-B|S-100 calcium-binding protein, beta chain|S-100 protein subunit beta|S100 calcium-binding protein, beta (neural)"
C3,P01024,5FO8,2.40 A,A,hetero-trimer,23,667,645,X-ray,homo sapiens,complement C3|C3 and PZP-like alpha-2-macroglobulin domain-containing protein 1|C3a anaphylatoxin|acylation-stimulating protein cleavage product|complement component 3|complement component C3a|complement component C3b|epididymis secretory sperm binding protein Li 62p|prepro-C3
LEP,P41159,1AX8,2.00 A,A,monomer,22,167,146,X-ray,homo sapiens,"leptin|leptin (murine obesity homolog)|leptin (obesity homolog, mouse)|obese protein|obese, mouse, homolog of|obesity factor"
RAC1,P63000,1I4D,2.50 A ,D,hetero-dimer,1,192,192,X-ray,homo sapiens,"ras-related C3 botulinum toxin substrate 1|cell migration-inducing gene 5 protein|ras-like protein TC25|ras-related C3 botulinum toxin substrate 1 (rho family, small GTP binding protein Rac1)"
DMD, P11532,1EG4,2.00 A,A,hetero-dimer,3046,3306,261,X-ray,homo sapiens,dystrophin|truncated dystrophin
HSPB1,P04792,6DV5,3.58 A,"A, B, C,, D, E, F, G, H",homo-multimer,1,205,205,X-ray,homo sapiens,heat shock protein beta-1|28 kDa heat shock protein|epididymis secretory protein Li 102|estrogen-regulated 24 kDa protein|heat shock 27 kDa protein|heat shock 27kD protein 1|heat shock 27kDa protein 1|stress-responsive protein 27
IL18,Q14116,2VXT,1.49 A,I,hetero-trimer,37,193,157,X-ray,homo sapiens,interleukin-18|IFN-gamma-inducing factor|IL-1 gamma|iboctadekin|interleukin 18 (interferon-gamma-inducing factor)|interleukin-1 gamma
NPPB,P16860,3N56,3.10 A,"C, D",hetero-dimer,103,134,32,X-ray,homo sapiens,natriuretic peptides B|brain type natriuretic peptide|gamma-brain natriuretic peptide|natriuretic peptide precursor B|natriuretic protein
VDR,P11473,1IE9,1.40 A,A,monomer,118,427,259,X-ray,homo sapiens,"vitamin D3 receptor|1,25-dihydroxyvitamin D3 receptor|nuclear receptor subfamily 1 group I member 1|protein phosphatase 1, regulatory subunit 163|vitamin D (1,25- dihydroxyvitamin D3) receptor|vitamin D nuclear receptor variant 1"
HFE,Q30201,1A6Z,2.60 A ,"A, C",hetero-dimer,23,297,275,X-ray,homo sapiens,hereditary hemochromatosis protein|MHC class I-like protein HFE|hereditary hemochromatosis protein HLA-H|high Fe
HP,P00738,4WJG,3.10 A,"BA [auth 2], C, H, M, R, W",hetero-pentamer,92,406,315,X-ray,homo sapiens,"haptoglobin|binding peptide|haptoglobin alpha(1S)-beta|haptoglobin alpha(2FS)-beta|haptoglobin, alpha polypeptide|haptoglobin, beta polypeptide|zonulin"
EGF,P01133,1NQL,2.80 A ,B,hetero-dimer,971,1023,53,X-ray,homo sapiens,pro-epidermal growth factor|beta-urogastrone
FLT1,P17948,3HNG,2.70 A ,A,monomer,801,1158,360,X-ray,homo sapiens,vascular endothelial growth factor receptor 1|fms related tyrosine kinase 1|fms-like tyrosine kinase 1|fms-related tyrosine kinase 1 (vascular endothelial growth factor/vascular permeability factor receptor)|tyrosine-protein kinase FRT|tyrosine-protein kinase receptor FLT|vascular permeability factor receptor
PLG, P00747,4DUR,2.45 A,A. B,homo-dimer,20,810,791,x-ray,homo sapiens,plasminogen|plasmin
HMOX1,P09601,6EHA,2.00 A ,"A, B",homo-dimer,1,288,288,X-ray,homo sapiens,"heme oxygenase 1|heat shock protein, 32-kD|heme oxygenase (decycling) 1"
APC,P25054,3T7U,2.90 A,"A, B",homo-dimer,407,775,378,X-ray,homo sapiens,"adenomatous polyposis coli protein|APC, WNT signaling pathway regulator|WNT signaling pathway regulator|adenomatosis polyposis coli tumor suppressor|adenomatous polyposis coli (APC)|deleted in polyposis 2.5|epididymis secretory sperm binding protein|protein phosphatase 1, regulatory subunit 46|truncated adenomatosis polyposis coli"
TOP2A,P11388,4FM9,2.90 A,A,monomer,431,1193,763,X-ray,homo sapiens,"DNA topoisomerase 2-alpha|DNA gyrase|DNA topoisomerase (ATP-hydrolyzing)|DNA topoisomerase II, 170 kD|DNA topoisomerase II, alpha isozyme|topoisomerase (DNA) II alpha 170kDa"
PLAU,P00749,2VNT,2.20 A,"A, B, C, D, E, F",homo-multimer,156,431,276,X-ray,homo sapiens,"urokinase-type plasminogen activator|U-plasminogen activator|plasminogen activator, urinary"
IL17A,Q16552,6WIO,2.17 A,C,hetero-trimer,1,155,161,X-ray,homo sapiens,interleukin-17A|cytotoxic T-lymphocyte-associated antigen 8|cytotoxic T-lymphocyte-associated protein 8|interleukin 17 (cytotoxic T-lymphocyte-associated serine esterase 8)
ALB,P02768,6YG9,1.89 A,A,monomer,25,609,585,X-ray,homo sapiens,albumin|serum albumin
FGFR3,P22607,1RY7,3.20 A ,B,hetero-dimer,33,365,334,X-ray,homo sapiens,fibroblast growth factor receptor 3|FGFR-3|fibroblast growth factor receptor 3 variant 4|fibroblast growth factor receptor 3-S|hydroxyaryl-protein kinase|tyrosine kinase JTK4
MPO,P05164,6BMT,2.40 A,A,hetero-dimer,1,745,745,X-ray,homo sapiens,myeloperoxidase
VIM,P08670,3UF1,2.81 A ,"A, B, C, D",homo-tetramer,144,251,119,X-ray,homo sapiens,vimentin|epididymis secretory sperm binding protein
ERG,P11308,6VGE,4.25 A,A,hetero-multimer,306,419,128,X-ray,homo sapiens,"transcriptional regulator ERG|ERG, ETS transcription factor|FUS/ERG fusion protein|TMPRSS2/ERG fusion|erythroblast transformation-specific transcription factor ERG variant 10|ets-related|transcriptional regulator ERG (transforming protein ERG)|v-ets avian erythroblastosis virus E26 oncogene homolog|v-ets avian erythroblastosis virus E26 oncogene related|v-ets erythroblastosis virus E26 oncogene homolog|v-ets erythroblastosis virus E26 oncogene like"
TWIST1,Q15672,2MJV,,A,hetero-dimer,68,79,12,NMR,homo sapiens,twist-related protein 1|B-HLH DNA binding protein|H-twist|TWIST homolog of drosophila|class A basic helix-loop-helix protein 38|twist basic helix-loop-helix transcription factor 1|twist homolog 1
S100A4,P26447,4CFR,1.40 A ,"A, B",hetero-dimer,1,101,104,X-ray,homo sapiens,"protein S100-A4|S100 calcium-binding protein A4 (calcium protein, calvasculin, metastasin, murine placental homolog)|calcium placental protein|fibroblast-specific protein-1|leukemia multidrug resistance associated protein|malignant transformation suppression 1|metastasin 1|murine placental homolog|placental calcium-binding protein|protein Mts1"
PLAUR,Q03405,1YWH,2.70 A ,"A, C, E, G, I, K, M, O",hetero-multimer,23,335,313,X-ray,homo sapiens,urokinase plasminogen activator surface receptor|monocyte activation antigen Mo3|u-plasminogen activator receptor form 2|urokinase-type plasminogen activator (uPA) receptor
TTN,Q8WZ42,4JNW,2.06 A,"A, B",homo-dimer,32172,32492,324,X-ray,homo sapiens,titin|connectin|rhabdomyosarcoma antigen MU-RMS-40.14
CXCL10,P02778,1O7Z,1.92 A,"A, B",homo-dimer,22,98,77,X-ray,homo sapiens,"C-X-C motif chemokine 10|10 kDa interferon gamma-induced protein|gamma IP10|interferon-inducible cytokine IP-10|protein 10 from interferon (gamma)-induced cell line|small inducible cytokine subfamily B (Cys-X-Cys), member 10|small-inducible cytokine B10"
SLC4A1, P02730,4YZF,3.50 A,"A, B, C, D",hetero-trimer,1,911,911,X-ray,homo sapiens,"band 3 anion transport protein|Diego blood group|Froese blood group|Swann blood group|Waldner blood group|Wright blood group|anion exchange protein 1|anion exchanger-1|band 3 anion exchanger|erythrocyte membrane protein band 3|erythroid anion exchange protein|solute carrier family 4 (anion exchanger), member 1 (Diego blood group)|solute carrier family 4, anion exchanger, member 1 (erythrocyte membrane protein band 3, Diego blood group)|solute carrier family 4, anion exchanger, number 1"
PKD1,P98161,6A70,3.60 A,B,hetero-dimer,3049,4169,1153,electron m,homo sapiens,"polycystin-1|autosomal dominant polycystic kidney disease 1 protein|polycystic kidney disease 1 (autosomal dominant)|polycystic kidney disease-associated protein|transient receptor potential cation channel, subfamily P, member 1"
VCAM1,P19320,1VCA,1.80 A ,"A, B",homo-dimer,25,226,202,X-ray,homo sapiens,vascular cell adhesion protein 1|CD106 antigen
TIMP2,P16035,1BR9,2.10 A ,A,monomer,27,220,194,X-ray,homo sapiens,metalloproteinase inhibitor 2|testicular secretory protein Li 57|tissue inhibitor of metalloproteinases 2
CYP2D6, P10635,3TBG,2.10 A,"A, B, C, D",homo-multimer,34,497,479,X-ray,homo sapiens,"cytochrome P450 2D6|cholesterol 25-hydroxylase|cytochrome P450, family 2, subfamily D, polypeptide 6|cytochrome P450, family 2, subfamily D, polypeptide 7 pseudogene 2|cytochrome P450, family 2, subfamily D, polypeptide 8 pseudogene 2|cytochrome P450, subfamily II (debrisoquine, sparteine, etc., -metabolising), polypeptide 7 pseudogene 2|cytochrome P450, subfamily IID (debrisoquine, sparteine, etc., -metabolising), polypeptide 8 pseudogene 2|cytochrome P450, subfamily IID (debrisoquine, sparteine, etc., -metabolizing), polypeptide 6|cytochrome P450, subfamily IID (debrisoquine, sparteine, etc., -metabolizing)-like 1|cytochrome P450-DB1|debrisoquine 4-hydroxylase|flavoprotein-linked monooxygenase|microsomal monooxygenase|nonfunctional cytochrome P450 2D6|xenobiotic monooxygenase"
COL1A1,P02452,5K31,2.20 A,"A, B, C, D, E, F",homo-multimer,1219,1464,255,X-ray,homo sapiens,"collagen alpha-1(I) chain|alpha-1 type I collagen|alpha1(I) procollagen|collagen alpha 1 chain type I|collagen alpha-1(I) chain preproprotein|collagen of skin, tendon and bone, alpha-1 chain|collagen, type I, alpha 1|pro-alpha-1 collagen type 1|type I proalpha 1|type I procollagen alpha 1 chain"
CYP3A4,P08684,5VCC,1.70 A,A,monomer,21,503,487,X-ray,homo sapiens,"cytochrome P450 3A4|1,4-cineole 2-exo-monooxygenase|1,8-cineole 2-exo-monooxygenase|P450-III, steroid inducible|albendazole monooxygenase (sulfoxide-forming)|albendazole sulfoxidase|cholesterol 25-hydroxylase|cytochrome P450 3A3|cytochrome P450 HLp|cytochrome P450 NF-25|cytochrome P450, family 3, subfamily A, polypeptide 4|cytochrome P450, subfamily IIIA (niphedipine oxidase), polypeptide 3|cytochrome P450, subfamily IIIA (niphedipine oxidase), polypeptide 4|cytochrome P450-PCN1|glucocorticoid-inducible P450|nifedipine oxidase|quinine 3-monooxygenase|taurochenodeoxycholate 6-alpha-hydroxylase"
MIF,P14174,1GIF,1.90 A,"A, B, C",homo-trimer,1,115,115,X-ray,homo sapiens,macrophage migration inhibitory factor|L-dopachrome isomerase|L-dopachrome tautomerase|epididymis secretory sperm binding protein|macrophage migration inhibitory factor (glycosylation-inhibiting factor)|phenylpyruvate tautomerase
BSG,P35613,4U0Q,3.10 A,"B, D",hetero-dimer,1,385,269,X-ray,homo sapiens,basigin|OK blood group antigen|collagenase stimulatory factor|extracellular matrix metalloproteinase inducer|hepatoma-associated antigen|leukocyte activation antigen M6|tumor cell-derived collagenase stimulatory factor
CHI3L1,P36222,1HJX,1.85 A,"A, B, C, D",homo-tetramere,22,383,362,X-ray,homo sapiens,chitinase-3-like protein 1|39 kDa synovial protein|cartilage glycoprotein 39|chitinase 3-like 1 (cartilage glycoprotein-39)
TNFRSF11B,O00300,3URF,2.70 A ,Z,hetero-dimer,22,186,171,X-ray,homo sapiens,"tumor necrosis factor receptor superfamily member 11B|osteoclastogenesis inhibitory factor|osteoprotegerin|tumor necrosis factor receptor superfamily, member 11b"
GRN,P28799,2JYE,,A,monomer,281,337,72,NMR,homo sapiens,progranulin|PC cell-derived growth factor|acrogranin|epithelin|glycoprotein 88|glycoprotein of 88 Kda|granulin-epithelin|granulins|proepithelin
FOXP3,Q9BZS1,3QRF,2.80 A ,"F, G, H, I",hetero-dimer,336,417,82,X-ray,homo sapiens,"forkhead box protein P3|FOXP3delta7|immune dysregulation, polyendocrinopathy, enteropathy, X-linked|immunodeficiency, polyendocrinopathy, enteropathy, X-linked"
HAMP,P81172,3H0T,1.89 A,C,hetero-trimer,60,84,25,X-ray,homo sapiens,hepcidin|hepcidin preproprotein|liver-expressed antimicrobial peptide 1|putative liver tumor regressor
FGFR2,P21802,6V6Q,2.46 A,"A, B, C, D",homo-tetramer,413,821,411,X-ray,homo sapiens,"fibroblast growth factor receptor 2|BEK fibroblast growth factor receptor|bacteria-expressed kinase|keratinocyte growth factor receptor|protein tyrosine kinase, receptor like 14"
PLK1,P53350,2OWB,2.10 A,A,monomer,13,345,335,X-ray,homo sapiens,serine/threonine-protein kinase PLK1|PLK-1|cell cycle regulated protein kinase|polo (Drosophia)-like kinase|serine/threonine-protein kinase 13
RASSF1,Q9NS23,2KZU,,B,hetero-dimer,N/A,N/A,11,NMR,homo sapiens,ras association domain-containing protein 1|Ras association (RalGDS/AF-6) domain family member 1|WUGSC:H_LUCA12.5|cardiac-specific ras association domain family 1 protein|pancreas-specific ras association domain family 1 protein|tumor suppressor protein RDA32
AGT,P01019,5M3Y,2.30 A,A,monomer,34,485,458,X-ray,homo sapiens,"angiotensinogen|alpha-1 antiproteinase, antitrypsin|angiotensin I|angiotensin II|fetal-liver predominant transporter 1|pre-angiotensinogen|serine (or cysteine) proteinase inhibitor|serpin A8|serpin peptidase inhibitor, clade A, member 8"
PRDX1,Q06830,3HY2,2.10 A,"A, B",hetero-dimer,1,99,206,X-ray,homo sapiens,peroxiredoxin-1|epididymis secretory sperm binding protein|natural killer cell-enhancing factor A|natural killer-enhancing factor A|proliferation-associated gene A|proliferation-associated gene protein|thioredoxin peroxidase 2|thioredoxin-dependent peroxide reductase 2|thioredoxin-dependent peroxiredoxin 1
DAPK1,P53355,4B4L,1.75 A,A,monomer,1,334,336,X-ray,homo sapiens,death-associated protein kinase 1|DAP kinase 1
HMGA1,P17096,2EZE,,A,monomer,51,75,,NMR,homo sapiens,high mobility group protein HMG-I/HMG-Y|high mobility group protein A1|high mobility group protein R|nonhistone chromosomal high-mobility group protein HMG-I/HMG-Y
POSTN,Q15063,5YJG,2.40 A,A,monomer,22,631,628,X-ray,homo sapiens,"periostin|osteoblast specific factor 2 (fasciclin I-like)|periodontal ligament-specific periostin|periostin, osteoblast specific factor"
LEPR,P48357,3V6O,1.95 A ,"A, B",hetero-trimer,438,633,206,X-ray,homo sapiens,leptin receptor|OB receptor|huB219
ADM,P35318,6UUS,2.40 A,P,hetero-multimer,95,146,53,X-ray,homo sapiens,pro-adrenomedullin|preproadrenomedullin|proadrenomedullin N-20 terminal peptide
FGF23,Q9GZV9,5W21,3.00 A,B,hetero-trimer,25,204,226,X-ray,homo sapiens,fibroblast growth factor 23|phosphatonin|tumor-derived hypophosphatemia inducing factor
CASR,P41180,5K5S,2.60 A ,"A, B",homo-dimer,20,607,615,X-ray,homo sapiens,extracellular calcium-sensing receptor|parathyroid Ca(2+)-sensing receptor 1|parathyroid cell calcium-sensing receptor 1
ENG,P17813,5I04,2.42 A,A,monomer,26,337,692,X-ray,homo sapiens,endoglin|CD105 antigen
SHC1,P29353,4XWX,1.87 A,A,monomer,147,311,167,X-ray,homo sapiens,SHC-transforming protein 1|SH2 domain protein C1|SHC (Src homology 2 domain containing) transforming protein 1|SHC-transforming protein 3|SHC-transforming protein A
CA9,Q16790,5DVX,1.60 A,"A, B",homo-dimer,140,399,260,X-ray,homo sapiens,carbonic anhydrase 9|CA-IX|P54/58N|RCC-associated antigen G250|RCC-associated protein G250|carbonate dehydratase IX|carbonic anhydrase IX|carbonic dehydratase|membrane antigen MN|pMW1|renal cell carcinoma-associated antigen G250
MCM2, P33993,6XTX,3.29 A,F [auth 7],hetero-multimer,1,719,719,EM,homo sapiens,DNA replication licensing factor MCM2|cell devision cycle-like 1|cyclin-like 1|minichromosome maintenance deficient 2 (mitotin)|minichromosome maintenance protein 2 homolog|nuclear protein BM28
GNAI2,P04899,6D9H,3.60 A,A,hetero-tetramer,1,355,355,EM,homo sapiens,"guanine nucleotide-binding protein G(i) subunit alpha-2|GTP-binding regulatory protein Gi alpha-2 chain|adenylate cyclase-inhibiting G alpha protein|guanine nucleotide binding protein (G protein), alpha inhibiting activity polypeptide 2|guanine nucleotide-binding protein G(i), alpha-2 subunit"
HAVCR2,Q8TDQ0,5F71,2.40 A,"A, B",homo-dimer,22,130,109,X-ray,homo sapiens,hepatitis A virus cellular receptor 2|T cell immunoglobulin mucin 3|T-cell immunoglobulin and mucin domain-containing protein 3|T-cell immunoglobulin mucin family member 3|T-cell immunoglobulin mucin receptor 3|T-cell membrane protein 3|kidney injury molecule-3
ZEB1,P37275,2.00E+19,,A,,586,642,,NMR,homo sapiens,zinc finger E-box-binding homeobox 1|delta-crystallin enhancer binding factor 1|negative regulator of IL2|posterior polymorphous corneal dystrophy 3|transcription factor 8 (represses interleukin 2 expression)|zinc finger homeodomain enhancer-binding protein
AFP,P02771,3MRK,1.40 A,C [auth P],hetero-trimer,137,145,9,X-ray,homo sapiens,alpha-fetoprotein|alpha-1-fetoprotein|alpha-fetoglobulin
B2M,P61769,5J1A,1.86 A,B,hetero-dimer,1,119,119,X-ray,homo sapiens,beta-2-microglobulin|beta chain of MHC class I molecules|beta-2-microglobin
CD59,P13987,2J8B,1.15 A,A,monomer,26,103,79,X-ray,homo sapiens,"CD59 glycoprotein|1F5 antigen|20 kDa homologous restriction factor|CD59 antigen p18-20 (antigen identified by monoclonal antibodies 16.3A5, EJ16, EJ30, EL32 and G344)|CD59 blood group antigen|CD59 molecule, complement regulatory protein|Ly-6-like protein|MEM43 antigen|T cell-activating protein|human leukocyte antigen MIC11|lymphocytic antigen CD59/MEM43|membrane attack complex (MAC) inhibition factor|membrane attack complex inhibition factor|membrane inhibitor of reactive lysis|protectin|surface anitgen recognized by monoclonal antibody 16.3A5"
KLRK1,P26718,1MPU,2.50 A,A,monomer,80,216,138,X-ray,homo sapiens,"NKG2-D type II integral membrane protein|NK cell receptor D|NKG2-D-activating NK receptor|killer cell lectin-like receptor subfamily K, member 1"
PKD2,Q13563,3HRN,1.90 A,A,monomer,833,895,64,X-ray,homo sapiens,polycystin-2|autosomal dominant polycystic kidney disease type II protein|polycystic kidney disease 2 (autosomal dominant)|transient receptor potential cation channel subfamily P member 2
YWHAQ,P27348,6BCR,1.99 A,"A, B, E, F",hetero-dimer,1,245,245,X-ray,homo sapiens,"14-3-3 protein theta|14-3-3 protein T-cell|14-3-3 protein tau|14-3-3 theta|protein, theta|tyrosine 3-monooxygenase/tryptophan 5-monooxygenase activation protein, theta polypeptide"
DMBT1,Q9UGM3,6SA5,1.29 A,A,monomer,986,1094,137,X-ray,homo sapiens,deleted in malignant brain tumors 1 protein|glycoprotein 340|hensin|salivary agglutinin|salivary scavenger and agglutinin|surfactant pulmonary-associated D-binding protein|vomeroglandin
INHBA,P08476,5HLY,2.30 A,A,monomer,30,426,383,X-ray,homo sapiens,"inhibin beta A chain|FSH-releasing protein|Inhibin, beta-1|activin beta-A chain|erythroid differentiation factor|erythroid differentiation protein|follicle-stimulating hormone-releasing protein|inhibin beta A subunit|inhibin, beta A (activin A, activin AB alpha polypeptide)"
HAVCR1,Q96D42,5DZO,1.30 A,A,monomer,22,127,107,X-ray,homo sapiens,hepatitis A virus cellular receptor 1|T cell immunoglobin domain and mucin domain protein 1|T-cell immunoglobulin mucin family member 1|T-cell immunoglobulin mucin receptor 1|T-cell membrane protein 1|kidney injury molecule 1
CD40LG,P29965,6W9G,1.82 A,"A, B, C",hetero-trimer,116,261,146,X-ray,homo sapiens,CD40 ligand|CD40 antigen ligand|CD40-L|T-B cell-activating molecule|T-cell antigen Gp39|TNF-related activation protein|tumor necrosis factor (ligand) superfamily member 5
CYP1A2,P05177,2HI4,1.95 A ,A,monomer,27,516,495,X-ray,homo sapiens,"cytochrome P450 1A2|P450 form 4|aryl hydrocarbon hydroxylase|cholesterol 25-hydroxylase|cytochrome P(3)450|cytochrome P450 4|cytochrome P450, family 1, subfamily A, polypeptide 2|cytochrome P450, subfamily I (aromatic compound-inducible), polypeptide 2|cytochrome P450-P3|dioxin-inducible P3-450|flavoprotein-linked monooxygenase|hydroperoxy icosatetraenoate dehydratase|microsomal monooxygenase|xenobiotic monooxygenase"
NGF,P01138,1WWW,2.20 A,"A [auth V], B [auth W]",hetero-dimer,122,241,120,X-ray,homo sapiens,"beta-nerve growth factor|nerve growth factor (beta polypeptide)|nerve growth factor, beta subunit|pro-nerve growth factor long"
IDO1, P14902,4U72,2.00 A,"A, B",homo-dimer,1,403,406,X-ray,homo sapiens,"indoleamine 2,3-dioxygenase 1|indolamine 2,3 dioxygenase|indole 2,3-dioxygenase|indoleamine-pyrrole 2,3-dioxygenase"
CAMP,P49913,4EYC,1.90 A,"A, B",monomer,31,133,107,X-ray,homo sapiens,cathelicidin antimicrobial peptide|18 kDa cationic antimicrobial protein|epididymis secretory sperm binding protein
LRP2,P98164,2M0P,,A,monomer,1103,1148,52,NMR,homo sapiens,low-density lipoprotein receptor-related protein 2|Heymann nephritis antigen homolog|calcium sensor protein|glycoprotein 330|megalin
TGFBI,Q15582,5NV6,2.93 A,"A, B",monomer,1,683,683,X-ray,homo sapiens,"transforming growth factor-beta-induced protein ig-h3|RGD-CAP|RGD-containing collagen-associated protein|beta ig-h3|betaig-h3|kerato-epithelin|transforming growth factor beta-induced 68kDa|transforming growth factor, beta-induced, 68kD"
MEFV,O15553,4CG4,2.40 A,"A, B, C, D, E, F",homo-multimer,414,781,377,X-ray,homo sapiens,"pyrin|MEFV, pyrin innate immunity regulator|Mediterranean fever|marenostrin"
FTL,P02792,5LG8,1.98 A,A,monomer,1,175,175,X-ray,homo sapiens,"ferritin light chain|epididymis secretory sperm binding protein|ferritin L subunit|ferritin L-chain|ferritin light polypeptide-like 3|ferritin, light polypeptide"
PDGFB,P01127,3MJG,2.30 A ,"A, B",hetero-dimer,21,185,172,X-ray,homo sapiens,"platelet-derived growth factor subunit B|PDGF subunit B|PDGF, B chain|becaplermin|epididymis secretory sperm binding protein|platelet-derived growth factor 2|platelet-derived growth factor B chain|platelet-derived growth factor beta polypeptide (simian sarcoma viral (v-sis) oncogene homolog)|platelet-derived growth factor, beta polypeptide (oncogene SIS)|proto-oncogene c-Sis"
KLK2,P20151,4NFF,1.90 A,A,monomer,25,261,237,X-ray,homo sapiens,"kallikrein-2|glandular kallikrein 2|glandular kallikrein-1|kallikrein 2, prostatic|tissue kallikrein-2"
KNG1,P01042,4ASQ,1.99 A,P,hetero-dimer,381,389,9,X-ray,homo sapiens,kininogen-1|alpha-2-thiol proteinase inhibitor|bradykinin|fitzgerald factor|high molecular weight kininogen|williams-Fitzgerald-Flaujeac factor
COL2A1,P02458,5NIR,1.74 A,"A, B",monomer,29,98,74,X-ray,homo sapiens,"collagen alpha-1(II) chain|alpha-1 type II collagen|arthroophthalmopathy, progressive (Stickler syndrome)|cartilage collagen|chondrocalcin|collagen II, alpha-1 polypeptide|collagen, type II, alpha 1"
HPSE,Q9Y251,5LA4,1.94 A,A,monomer,36,543,509,X-ray,homo sapiens,heparanase|endo-glucoronidase|heparanase-1
COL4A1,P02462,5NAY,1.80 A ,"A, B, C, D, E, F",homo-multimer,1441,1669,229,X-ray,homo sapiens,"collagen alpha-1(IV) chain|COL4A1 NC1 domain|arresten|collagen IV, alpha-1 polypeptide|collagen of basement membrane, alpha-1 chain"
ANGPTL4,Q9BY76,6U1U,1.75 A,A,monomer,185,400,216,X-ray,homo sapiens,angiopoietin-related protein 4|PPARG angiopoietin related protein|fasting-induced adipose factor|hepatic angiopoietin-related protein|hepatic fibrinogen/angiopoietin-related protein|peroxisome proliferator-activated receptor (PPAR) gamma induced angiopoietin-related protein
ACHE,P22303,1F8U,2.90 A,A,hetero-dimer,32,614,583,X-ray,homo sapiens,acetylcholinesterase|Yt blood group|acetylcholinesterase (Yt blood group)|apoptosis-related acetylcholinesterase
F2R, P25116,3VW7,3.20 A ,A,monomer,86,395,484,X-ray,homo sapiens,proteinase-activated receptor 1|protease-activated receptor 1
ANGPT2,O15123,4ZFG,2.27 A,A,hetero-trimer,277,496,232,X-ray,homo sapiens,angiopoietin-2|Tie2-ligand|angiopoietin-2B|angiopoietin-2a
AMBP,P02760,3QKG,2.30 A,A,monomer,20,202,193,X-ray,homo sapiens,protein AMBP|bikunin|complex-forming glycoprotein heterogeneous in charge|growth-inhibiting protein 19|inter-alpha-trypsin inhibitor light chain|protein HC|trypstatin|uristatin|uronic-acid-rich protein
MME,P08473,6SUK,1.75 A,A,monomer,52,750,699,X-ray,homo sapiens,"neprilysin|atriopeptidase|common acute lymphocytic leukemia antigen|membrane metallo-endopeptidase (neutral endopeptidase, enkephalinase, CALLA, CD10)|membrane metallo-endopeptidase variant 1|membrane metallo-endopeptidase variant 2|neprilysin-390|neprilysin-411|neutral endopeptidase 24.11|skin fibroblast elastase"
EDNRB,P24530,6IGK,2.00 A,A,hetero-dimer,66,407,498,X-ray,homo sapiens,endothelin receptor type B|Hirschsprung disease 2|endothelin receptor non-selective type|endothelin receptor subtype B1
KL,Q9UEF7,5W21,3.00 A,A,hetero-trimer,1,981,981,X-ray,homo sapiens,klotho
YWHAB,P31946,6GNN,3.79 A,A,hetero-dimer,1,239,248,X-ray,homo sapiens,"14-3-3 protein beta/alpha|14-3-3 alpha|epididymis secretory protein Li 1|protein 1054|protein kinase C inhibitor protein-1|tyrosine 3-monooxygenase/tryptophan 5-monooxygenase activation protein, alpha polypeptide|tyrosine 3-monooxygenase/tryptophan 5-monooxygenase activation protein, beta polypeptide"
ADRB1,P08588,2LSQ,,A,monomer,197,221,25,NMR,homo sapiens,"beta-1 adrenergic receptor|adrenergic, beta-1-, receptor|beta-1 adrenoceptor|beta-1 adrenoreceptor"
CTNND1,O60716,3L6X,2.40 A,A,hetero-dimer,324,937,584,X-ray,homo sapiens,"catenin delta-1|cadherin-associated Src substrate|catenin (cadherin-associated protein), delta 1|p120 catenin"
PGF,P49763,1RV6,2.45 A,"V, W",hetero-dimer,37,136,101,X-ray,homo sapiens,"placenta growth factor|placental growth factor, vascular endothelial growth factor-related protein"
AQP5,P55064,5DYE,3.50 A,"A, B, C, D",homo-tetramere,1,265,265,X-ray,homo sapiens,aquaporin-5
NPHS1,O60500,4ZRT,1.74 A,B,hetero-dimer,1188,1198,11,X-ray,homo sapiens,"nephrin|NPHS1, nephrin|nephrosis 1, congenital, Finnish type (nephrin)|renal glomerulus-specific cell adhesion receptor|truncated NPHS1"
AQP2,P41181,4OJ2,3.05 A,A [auth X],monomer,1,271,274,X-ray,homo sapiens,aquaporin-2|ADH water channel|AQP-2|aquaporin 2 (collecting duct)|aquaporin-CD|collecting duct water channel protein|water channel protein for renal collecting duct|water-channel aquaporin 2
PDIA3,P30101,3F8U,2.60 A ,"A, C",hetero-dimer,25,505,481,X-ray,homo sapiens,"protein disulfide-isomerase A3|58 kDa glucose-regulated protein|58 kDa microsomal protein|ER protein 57|ER protein 60|disulfide isomerase ER-60|endoplasmic reticulum P58|endoplasmic reticulum resident protein 57|endoplasmic reticulum resident protein 60|epididymis secretory protein Li 269|epididymis secretory sperm binding protein Li 93n|glucose regulated protein, 58kDa|phospholipase C-alpha|protein disulfide isomerase-associated 3"
POLG,P54098,5C51,3.43 A,A,hetero-dimer,25,1239,1205,X-ray,homo sapiens,"DNA polymerase subunit gamma-1|PolG-alpha|mitochondrial DNA polymerase catalytic subunit|mitochondrial polymerase gamma catalytic subunit|polymerase (DNA directed), gamma|polymerase (DNA) gamma, catalytic subunit|truncated mitochondrial DNA polymerase gamma catalytic subunit|truncated mitochondrial polymerase gamma catalytic subunit"
S100A1,P23297,5K89,2.25 A,"A, B [auth C], C [auth H]",homo-trimer,1,94,94,X-ray,homo sapiens,"protein S100-A1|S-100 protein alpha chain|S-100 protein subunit alpha|S100 alpha|S100 protein, alpha polypeptide"
FGF21,Q9NSA1,5VAQ,2.61 A,C,hetero-trimer,186,209,24,X-ray,homo sapiens,fibroblast growth factor 21
COL18A1,P39060,1BNL,2.90 A,"A, B, C, D",homo-tetramere,1572,1749,178,X-ray,homo sapiens,"collagen alpha-1(XVIII) chain|antiangiogenic agent|collagen, type XVIII, alpha 1|endostatin|multi-functional protein MFP"
AKR1B1,P15121,1US0,0.66 A,A,monomer,1,316,316,X-ray,homo sapiens,aldo-keto reductase family 1 member B1|Lii5-2 CTCL tumor antigen|aldehyde reductase 1|aldose reductase|low Km aldose reductase
MMP8,P22894,1BZS,1.70 A,A,monomer,99,262,165,X-ray,homo sapiens,neutrophil collagenase|PMN leukocyte collagenase|PMNL collagenase|collagenase 2|matrix metalloproteinase 8 (neutrophil collagenase)|matrix metalloproteinase-8
ADRB3,P13945,2CDW,N/A,A,N/A,1,408,,MODEL,homo sapiens,"beta-3 adrenergic receptor|adrenergic, beta-3-, receptor|beta-3 adrenoceptor|beta-3 adrenoreceptor"
IL23A,Q9NPF7,4GRW,2.55 A,"A, C",hetero-pentamer,1,189,189,X-ray,homo sapiens,"interleukin-23 subunit alpha|IL-23 subunit alpha|IL-23-A|IL-23p19|JKA3 induced upon T-cell activation|interleukin 23 p19 subunit|interleukin 23, alpha subunit p19|interleukin-23 subunit p19|interleukin-six, G-CSF related factor"
SLC7A9,P82251,6YUP,2.90 A,"C [auth D], D [auth E]",hetero-dimer,1,487,487,X-ray,homo sapiens,"B(0,+)-type amino acid transporter 1|b(0,+)AT|glycoprotein-associated amino acid transporter b0,+AT1|solute carrier family 7 (amino acid transporter light chain, bo,+ system), member 9|solute carrier family 7 (cationic amino acid transporter, y+ system), member 9|solute carrier family 7 (glycoprotein-associated amino acid transporter light chain, bo,+ system), member 9"
NTN1,O95631,6FKQ,3.07 A,A,hetero-dimer,39,453,415,X-ray,homo sapiens,"netrin-1|epididymis tissue protein Li 131P|netrin 1, mouse, homolog of"
CP,P00450,4ENZ,2.60 A ,A,monomer,1,1065,1065,X-ray,homo sapiens,ceruloplasmin|ceruloplasmin (ferroxidase)
CUBN,O60494,3KQ4,3.30 A,"B, D, F",hetero-dimer,932,1388,457,X-ray,homo sapiens,cubilin|460 kDa receptor|cubilin (intrinsic factor-cobalamin receptor)|cubilin precursor variant 1|cubilin precursor variant 2|cubilin precursor variant 3|intestinal intrinsic factor receptor|intrinsic factor-vitamin B12 receptor
AGR2,O95994,2LNT,,A,monomer,41,175,140,NMR,homo sapiens,"anterior gradient protein 2 homolog|anterior gradient homolog 2|epididymis secretory protein Li 116|protein disulfide isomerase family A, member 17|secreted cement gland homolog|secreted cement gland protein XAG-2 homolog"
CXCL1,P09341,1MGS,,"A, B",homo-dimer,35,107,73,NMR,homo sapiens,"growth-regulated alpha protein|C-X-C motif chemokine 1|GRO-alpha(1-73)|GRO1 oncogene (melanoma growth stimulating activity, alpha)|GRO1 oncogene (melanoma growth-stimulating activity)|MGSA alpha|chemokine (C-X-C motif) ligand 1 (melanoma growth stimulating activity, alpha)|fibroblast secretory protein|melanoma growth stimulating activity, alpha|melanoma growth stimulatory activity alpha|neutrophil-activating protein 3"
AVPR2,P30518,6NI2,4.00 A,E [auth V],hetero-multimer,343,368,26,NMR,homo sapiens,vasopressin V2 receptor|AVPR V2|antidiuretic hormone receptor|renal-type arginine vasopressin receptor
CYP2A6,P11509,2FDV,1.65 A,"A, B, C, D",homo-tetramere,29,494,476,X-ray,homo sapiens,"cytochrome P450 2A6|1,4-cineole 2-exo-monooxygenase|coumarin 7-hydroxylase|cytochrome P450 IIA3|cytochrome P450(I)|cytochrome P450, family 2, subfamily A, polypeptide 6|cytochrome P450, subfamily IIA (phenobarbital-inducible), polypeptide 6|flavoprotein-linked monooxygenase|xenobiotic monooxygenase"
TNC,P24821,5R61,1.38 A,A,monomer,1979,2196,220,X-ray,homo sapiens,"tenascin|GP 150-225|cytotactin|deafness, autosomal dominant 56|glioma-associated-extracellular matrix antigen|hexabrachion (tenascin)|myotendinous antigen|neuronectin|tenascin-C additional domain 1"
IDH2,P48735,5I96,1.55 A,"A, B",homo-dimer,1,452,458,X-ray,homo sapiens,"isocitrate dehydrogenase [NADP], mitochondrial|NADP(+)-specific ICDH|isocitrate dehydrogenase (NADP(+)) 2, mitochondrial|isocitrate dehydrogenase 2 (NADP+), mitochondrial|oxalosuccinate decarboxylase"
RNLS,Q5VYX0,3QJ4,2.50 A,"A, B",homo-dimer,1,342,342,X-ray,homo sapiens,renalase|MAO-C|alpha-NAD(P)H oxidase/anomerase|monoamine oxidase-C
TREM1,Q9NP99,1SMO,1.47 A,"A, B",homo-dimer,21,139,119,X-ray,homo sapiens,triggering receptor expressed on myeloid cells 1|triggering receptor expressed on monocytes 1
CX3CL1,P78423,3ONA,2.60 A ,B,hetero-dimer,24,100,80,X-ray,Homo sapiens,"fractalkine|C-X3-C motif chemokine 1|CX3C membrane-anchored chemokine|chemokine (C-X3-C motif) ligand 1|small inducible cytokine subfamily D (Cys-X3-Cys), member 1 (fractalkine, neurotactin)|small inducible cytokine subfamily D (Cys-X3-Cys), member-1|small-inducible cytokine D1"
GLA, P06280,3HG3,"1,90 A","A, B",homo-dimer,32,429,404,X-ray,homo sapiens,alpha-galactosidase A|agalsidase alfa|alpha-D-galactosidase A|alpha-D-galactoside galactohydrolase 1|alpha-gal A|galactosylgalactosylglucosylceramidase GLA|melibiase
MTRR,Q9UBK8,2QTL,1.90 A ,A,monomer,165,698,539,X-ray,homo sapiens,"methionine synthase reductase|[methionine synthase]-cobalamin methyltransferase (cob(II)alamin reducing)|aqCbl reductase|aquacobalamin reductase|methionine synthase reductase, mitochondrial"
POR,P16435,3QFC,1.80 A ,"A, B",homo-dimer,64,677,618,X-ray,homo sapiens,NADPH--cytochrome P450 reductase|NADPH--hemoprotein reductase|NADPH-dependent cytochrome P450 reductase|P450 (cytochrome) oxidoreductase
PPOX,O43612,3NKS,1.90 A,A,monomer,1,477,477,X-ray,homo sapiens,protoporphyrinogen oxidase
UBQLN2,Q9UHD9,1J8C,,A,monomer,1,103,125,NMR,homo sapiens,ubiquilin-2|Nedd4 binding protein 4|protein linking IAP with cytoskeleton 2|ubiquitin-like product Chap1/Dsk2
DEK,P35659,2JX3,,A,monomer,78,208,131,NMR,homo sapiens,protein DEK|DEK oncogene (DNA binding)
PAX8,Q06710,2K27,,A,monomer,1,143,159,NMR,homo sapiens,paired box protein Pax-8|paired domain gene 8
TFF3,Q07654,6V1C,1.55 A,A,monomer,36,93,61,X-ray,homo sapiens,trefoil factor 3|polypeptide P1.B|trefoil factor 3 (intestinal)
TFF1,P04155,6V1D,2.40 A ,"A, B, C",homo-trimer,27,74,51,X-ray,homo sapiens,trefoil factor 1|breast cancer estrogen-inducible protein|breast cancer estrogen-inducible sequence|gastrointestinal trefoil protein pS2|polypeptide P1.A|protein pS2
AZGP1,P25311,1T80,2.10 A,A,monomer,21,298,278,X-ray,homo sapiens,"zinc-alpha-2-glycoprotein|Alpha-2-glycoprotein, zinc|Zn-alpha2-glycoprotein|testicular tissue protein Li 227|zn-alpha-2-GP|zn-alpha-2-glycoprotein"
ENO1,P06733,2PSN,2.20 A,"A, B, C, D",homo-tetramere,1,434,434,X-ray,homo sapiens,"alpha-enolase|c-myc promoter-binding protein-1|2-phospho-D-glycerate hydro-lyase|MYC promoter-binding protein 1|alpha enolase like 1|enolase 1, (alpha)|enolase-alpha|epididymis secretory protein Li 17|non-neural enolase|phosphopyruvate hydratase|plasminogen-binding protein|tau-crystallin"
HMBS,P08397,7AAK,1.70 A ,"A, B",homo-dimer,1,361,363,X-ray,homo sapiens,"porphobilinogen deaminase|porphyria, acute; Chester type|pre-uroporphyrinogen synthase|uroporphyrinogen I synthase|uroporphyrinogen I synthetase"
MSTN,O14793,6UMX,2.79 A ,"A, F [auth B]",hetero-trimer,24,375,365,X-ray,homo sapiens,growth/differentiation factor 8
IGF2R,P11717,2V5O,2.91 A ,A,monomer,1508,2128,627,X-ray,homo sapiens,cation-independent mannose-6-phosphate receptor|300 kDa mannose 6-phosphate receptor|CI Man-6-P receptor|IGF-II receptor|M6P/IGF2 receptor|insulin-like growth factor II receptor
PSAP,P07602,2DOB,2.00 A,A,monomer,60,140,83,X-ray,homo sapiens,prosaposin|proactivator polypeptide|saposin-A|saposin-B|saposin-C|saposin-D|sphingolipid activator protein-1|sphingolipid activator protein-2
AQP7, O14520,6KXW,3.70 A ,"A, B, C, D",homo-tetramere,1,342,342,X-ray,homo sapiens,aquaporin-7|aquaglyceroporin-7|aquaporin adipose
NUMA1,Q14980,6QJA,1.54 A,"A, B, C, D",homo-tetramere,1,153,157,X-ray,homo sapiens,nuclear mitotic apparatus protein 1|SP-H antigen|centrophilin stabilizes mitotic spindle in mitotic cells|nuclear matrix protein-22|structural nuclear protein
CGA,P01215,4AY9,2.50 A ,"A, C [auth D], E [auth G]",hetero-trimer,25,116,92,X-ray,homo sapiens,"glycoprotein hormones alpha chain|FSH-alpha|LSH-alpha|TSH-alpha|anterior pituitary glycoprotein hormones common subunit alpha|choriogonadotropin alpha chain|chorionic gonadotrophin subunit alpha|chorionic gonadotropin, alpha polypeptide|follicle-stimulating hormone alpha chain|follicle-stimulating hormone alpha subunit|follitropin alpha chain|luteinizing hormone alpha chain|lutropin alpha chain|thyroid-stimulating hormone alpha chain|thyrotropin alpha chain"
GSTO2,Q9H4Y5,3Q18,1.70 A ,"A, B",homo-dimer,1,239,239,X-ray,homo sapiens,glutathione S-transferase omega-2|GSTO-2|MMA(V) reductase|bA127L20.1 (novel glutathione-S-transferase)|glutathione S-transferase omega 2-2|glutathione-S-transferase-like protein|glutathione-dependent dehydroascorbate reductase|monomethylarsonic acid reductase
FABP1,P07148,6MP4,2.50 A ,"A, B, C, D, E, F, G ,H",homo-multimer,1,127,149,X-ray,homo sapiens,"fatty acid-binding protein, liver|fatty acid binding protein 1, liver|liver-type fatty acid-binding protein"
TNFSF12,O43508,4HT1,2.50 A,T,hetero-trimer,97,249,154,X-ray,Homo sapiens,"tumor necrosis factor ligand superfamily member 12|APO3 ligand|APO3/DR3 ligand|TNF-related WEAK inducer of apoptosis|tumor necrosis factor (ligand) superfamily, member 12|tumor necrosis factor ligand 4A|tumor necrosis factor superfamily member 12"
IFNGR1,P15260,1FG9,2.90 A,"C, D, E",hetero-dimer,18,262,245,X-ray,homo sapiens,"interferon gamma receptor 1|AVP, type 2|CD119 antigen|CDw119|IFN-gamma receptor 1|IFN-gamma-R-alpha|IFN-gamma-R1|antiviral protein, type 2|immune interferon receptor 1|interferon-gamma receptor alpha chain"
SDHA,P31040,6VAX,2.59 A,"A, C",hetero-dimer,44,664,632,X-ray,homo sapiens,"succinate dehydrogenase [ubiquinone] flavoprotein subunit, mitochondrial|flavoprotein subunit of complex II|succinate dehydrogenase complex, subunit A, flavoprotein (Fp)"
XDH,P47989,2E1Q,2.60 A ,"A, B, C, D",homo-tetramere,1,1333,1333,X-ray,homo sapiens,xanthine dehydrogenase/oxidase|xanthine oxidoreductase
CD80,P33681,1I8L,3.00 A ,"A, B",hetero-dimer,35,242,208,X-ray,homo sapiens,"T-lymphocyte activation antigen CD80|B-lymphocyte activation antigen B7|CD80 antigen (CD28 antigen ligand 1, B7-1 antigen)|CTLA-4 counter-receptor B7.1|activation B7-1 antigen|costimulatory factor CD80|costimulatory molecule variant IgV-CD80"
ALCAM,Q13740,5A2F,1.86 A ,A,monomer,1,583,583,X-ray,homo sapiens,CD166 antigen
CXCL5,P42830,2MGS,,"A, B",homo-dimer,37,114,78,NMR,homo sapiens,"C-X-C motif chemokine 5|chemokine (C-X-C motif) ligand 5|epithelial-derived neutrophil-activating protein 78|neutrophil-activating peptide ENA-78|neutrophil-activating protein 78|small inducible cytokine subfamily B (Cys-X-Cys), member 5 (epithelial-derived neutrophil-activating peptide 78)"
HGD,Q93099,1EYB,1.90 A ,A,monomer,1,445,471,X-ray,homo sapiens,"homogentisate 1,2-dioxygenase|homogentisate oxidase|homogentisate oxygenase|homogentisic acid oxidase|homogentisicase"
TRPV5,Q9NQA5,5OEO,,B [auth C],hetero-dimer,655,725,73,NMR,homo sapiens,transient receptor potential cation channel subfamily V member 5|calcium transport protein 2|calcium transporter 2|epithelial calcium channel 1|osm-9-like TRP channel 3
ROBO2,Q9HCK4,6IAA,3.60 A,"A, B, C",homo-trimer,22,859,859,X-ray,homo sapiens,"roundabout homolog 2|roundabout, axon guidance receptor, homolog 2"
HCFC1,P51610,4N3A,1.88 A ,B,hetero-dimer,1072,1097,26,X-ray,homo sapiens,"host cell factor 1|VP16-accessory protein|protein phosphatase 1, regulatory subunit 89"
APOM,O95445,2YG2,1.70 A,"A, B",homo-dimer,22,188,172,X-ray,homo sapiens,"apolipoprotein M|NG20-like protein|alternative name: G3a, NG20|protein G3a"
REG1A,P05451,1QDD,1.30 A,A,monomer,23,166,144,X-ray,homo sapiens,"lithostathine-1-alpha|REG-1-alpha|islet cells regeneration factor|islet of langerhans regenerating protein|pancreatic stone protein, secretory|pancreatic thread protein|protein-X|regenerating islet-derived protein 1-alpha|regenerating protein I alpha"
CAD,O76075,1IBX,,A,hetero-dimer,1,80,86,NMR,Homo sapiens,CAD protein|CAD trifunctional protein|multifunctional protein CAD
ORM1,P02763,3KQ0,1.80 A ,A,monomer,19,201,192,X-ray,homo sapiens,alpha-1-acid glycoprotein 1|AGP 1|OMD 1|epididymis secretory sperm binding protein Li 153w
SCNN1G,P51170,6WTH,3.06 A,C,hetero-pentamer,1,649,649,EM, Homo sapiens,"amiloride-sensitive sodium channel subunit gamma|ENaC gamma subunit|amiloride-sensitive epithelial sodium channel gamma subunit|amiloride-sensitive sodium channel gamma-subunit|epithelial Na(+) channel subunit gamma|gamma-ENaC|gamma-NaCH|nonvoltage-gated sodium channel 1 subunit gamma|sodium channe epithelial 1 gamma subunit|sodium channel epithelial 1 gamma subunit|sodium channel, non-voltage-gated 1, gamma subunit|sodium channel, nonvoltage-gated 1, gamma"
FBP1,P09467,5PZR,1.90 A,"A, B, C, D",homo-tetramere,1,338,338,X-ray,homo sapiens,"fructose-1,6-bisphosphatase 1|D-fructose-1,6-bisphosphate 1-phosphohydrolase 1|FBPase 1|growth-inhibiting protein 17|liver FBPase"
ETS2,P15036,4BQA,2.50 A,"A, D, G",homo-trimer,325,464,142,X-ray,homo sapiens,protein C-ets-2|oncogene ETS-2|v-ets avian erythroblastosis virus E2 oncogene homolog 2|v-ets avian erythroblastosis virus E26 oncogene homolog 2|v-ets erythroblastosis virus E26 oncogene homolog 2
SNAP23,O00161,1NHL,3.95 A,A,monomer,150,211,54,X-ray,homo sapiens,"synaptosomal-associated protein 23|synaptosomal-associated protein, 23kD|synaptosomal-associated protein, 23kDa|synaptosome associated protein 23kDa|vesicle-membrane fusion protein SNAP-23"
CIB1,Q99828,1XO5,1.99 A,"A, B",homo-dimer,9,191,183,X-ray,homo sapiens,calcium and integrin-binding protein 1|DNA-PK interaction protein|DNA-PKcs-interacting protein|DNA-dependent protein kinase interacting protein|SNK-interacting protein 2-28|calcium and integrin binding 1 (calmyrin)|testicular secretory protein Li 9
UROD,P06132,1R3S,1.65 A ,A,monomer,1,367,367,X-ray,homo sapiens,uroporphyrinogen decarboxylase|uroporphyrinogen III decarboxylase
RGN,Q15493,4GNB,1.50 A ,"A, B",homo-dimer,1,299,299,X-ray,homo sapiens,regucalcin|epididymis secretory protein Li 41|gluconolactonase|senescence marker protein 30
ANXA3,P12429,1AII,1.95 A ,A,monomer,1,323,323,X-ray,homo sapiens,"annexin A3|35-alpha calcimedin|Annexin III (lipocortin III)|PAP-III|annexin III (lipocortin III, 1,2-cyclic-inositol-phosphate phosphodiesterase, placental anticoagulant protein III, calcimedin 35-alpha)|annexin-3|calcimedin 35-alpha|inositol 1,2-cyclic phosphate 2-phosphohydrolase|lipocortin III|placental anticoagulant protein III"
RNASE2,P10153,1GQV,0.98 A,A,monomer,28,161,135,X-ray,homo sapiens,"non-secretory ribonuclease|RNase 2|RNase UpI-2|eosinophil-derived neurotoxin|ribonuclease 2|ribonuclease A F3|ribonuclease US|ribonuclease, RNase A family, 2 (liver, eosinophil-derived neurotoxin)"
ACADS,P16219,2VIG,1.90 A,"A, B, C, D, E, F, G ,H",homo-multimer,30,412,391,X-ray,homo sapiens,"short-chain specific acyl-CoA dehydrogenase, mitochondrial|acyl-CoA dehydrogenase, C-2 to C-3 short chain|acyl-Coenzyme A dehydrogenase, C-2 to C-3 short chain|butyryl-CoA dehydrogenase|epididymis secretory sperm binding protein|mitochondrial short-chain specific acyl-CoA dehydrogenase|unsaturated acyl-CoA reductase"
BTC,P35070,1IOX,,A,monomer,62,111,50,NMR,homo sapiens,probetacellulin
MMACHC,Q9Y4U1,3SOM,2.80 A ,"A, B, C, D, E, F, G ,H, I, J, K, L",homo-multimer,1,282,286,X-ray,homo sapiens,"cyanocobalamin reductase / alkylcobalamin dealkylase|alkylcobalamin:glutathione S-alkyltransferase|cyanocobalamin reductase (cyanide-eliminating)|methylmalonic aciduria (cobalamin deficiency) cblC type, with homocystinuria|methylmalonic aciduria and homocystinuria type C protein"
ALDH5A1,P51649,2W8N,2.00 A,A,monomer,49,535,487,X-ray,homo sapiens,"succinate-semialdehyde dehydrogenase, mitochondrial|NAD(+)-dependent succinic semialdehyde dehydrogenase|mitochondrial succinate semialdehyde dehydrogenase"
ACY1,Q03154,1Q7L,1.40 A,"A, C",hetero-dimer,N/A,N/A,198,X-ray,homo sapiens,aminoacylase-1|N-acyl-L-amino-acid amidohydrolase|acylase|epididymis secretory protein Li 5
TAGLN2,P37802,1WYM,,A,monomer,16,157,155,NMR,homo sapiens,transgelin-2|SM22-alpha homolog|epididymis secretory sperm binding protein|epididymis tissue protein Li 7e
CLASP2,O75122,3WOY,2.10 A,A,monomer,60,310,251,X-ray,homo sapiens,CLIP-associating protein 2|CLIP-associating protein CLASP2|multiple asters (Mast)-like homolog 2|protein Orbit homolog 2
ASL,P04424,1K62,2.65 A ,"A, B",homo-dimer,1,464,464,X-ray,homo sapiens,argininosuccinate lyase|argininosuccinase|arginosuccinase
DPYS,Q14117,2VR2,2.80 A ,A,monomer,1,519,541,X-ray,homo sapiens,dihydropyrimidinase|dihydropyrimidine amidohydrolase|hydantoinase
ABCD4,O14678,6JBJ,3.60 A ,"A, B",hetero-dimer,1,606,648,EM,home sapiens,"lysosomal cobalamin transporter ABCD4|69 kDa peroxisomal ABC-transporter|ATP-binding cassette sub-family D member 4|ATP-binding cassette, sub-family D (ALD), member 4|PMP70-related protein|PXMP1-L|peroxisomal membrane protein 69"
HOGA1,Q86XE5,3S5O,1.97 A,A,monomer,26,327,307,X-ray,home sapiens,"4-hydroxy-2-oxoglutarate aldolase, mitochondrial|DHDPS-like protein|N-acetylneuraminate pyruvate lyase 2 (putative)|dihydrodipicolinate synthase-like, mitochondrial|dihydrodipicolinate synthetase homolog 2|probable 2-keto-4-hydroxyglutarate aldolase|probable 4-hydroxy-2-oxoglutarate aldolase, mitochondrial|probable KHG-aldolase|protein 569272"
UCN3,Q969E3,3N93,2.5 A,C,hetero-dimer,142,157,17,X-ray,home sapiens,urocortin-3|prepro-urocortin 3|stresscopin|ucn III|urocortin III
CPA3,Q9UI42,2BOA,2.20 A,"A, B",homo-dimer,19,421,404,X-ray,home sapiens,mast cell carboxypeptidase A|carboxypeptidase A3 (mast cell)|tissue carboxypeptidase A
RHCG,Q9UBD6,3HD6,2.10 A,A,monomer,2,479,490,X-ray,home sapiens,"ammonium transporter Rh type C|Rh type C glycoprotein|Rhesus blood group, C glycoprotein|rh family type C glycoprotein|rh glycoprotein kidney|rhesus blood group family type C glycoprotein|tumor-related protein DRC2"
MMADHC, Q9H3L0,5CV0,1.90 A ,"A, B",homo-dimer,108,296,192,X-ray,home sapiens,"cobalamin trafficking protein CblD|methylmalonic aciduria (cobalamin deficiency) cblD type, with homocystinuria|methylmalonic aciduria and homocystinuria type D protein, mitochondrial|protein C2orf25, mitochondrial"
N6AMT1,Q9Y5N5,6KHS,1.90 A,A,hetero-dimer,1,214,214,X-ray,home sapiens,methyltransferase N6AMT1|HemK methyltransferase family member 2|N-6 adenine-specific DNA methyltransferase 1 (putative)|N6-DNA-methyltransferase|lysine N-methyltransferase 9|methylarsonite methyltransferase N6AMT1|protein N(5)-glutamine methyltransferase
CDKN1A,P38936,1AXC,2.60 A ,"B, D, F",hetero-dimer,139,160,22,X-ray,home sapiens,"cyclin-dependent kinase inhibitor 1|CDK-interacting protein 1|CDK-interaction protein 1|DNA synthesis inhibitor|cyclin-dependent kinase inhibitor 1A (p21, Cip1)|melanoma differentiation associated protein 6|wild-type p53-activated fragment 1"
MKI67,P46013,5J28,2.00 A,"C, D",hetero-dimer,496,536,48,X-ray,home sapiens,"proliferation marker protein Ki-67|antigen Ki67|antigen identified by monoclonal antibody Ki-67|proliferation-related Ki-67 antigen|protein phosphatase 1, regulatory subunit 105"
CDKN1B,P46527,5UQ3,3.60 A,C,hetero-trimer,1,198,201,X-ray,home sapiens,"cyclin-dependent kinase inhibitor 1B|cyclin-dependent kinase inhibitor 1B (p27, Kip1)"
LCP1,P13796,2D85,,A,monomer,517,627,124,NMR,home sapiens,plastin-2|L-plastin (Lymphocyte cytosolic protein 1) (LCP-1) (LC64P)|LCP-1|Lymphocyte cytosolic protein-1 (plasmin)|bA139H14.1 (lymphocyte cytosolic protein 1 (L-plastin))|epididymis secretory protein Li 37
HIF1A,Q16665,4H6J,1.52 A,A,hetero-dimer,238,348,113,X-ray,home sapiens,"hypoxia-inducible factor 1-alpha|ARNT interacting protein|PAS domain-containing protein 8|basic-helix-loop-helix-PAS protein MOP1|class E basic helix-loop-helix protein 78|hypoxia inducible factor 1 alpha subunit|hypoxia inducible factor 1, alpha subunit (basic helix-loop-helix transcription factor)|hypoxia-inducible factor1alpha|member of PAS protein 1|member of PAS superfamily 1"
PPARG,P37231,3DZY,3.10 A,B [auth D],hetero-trimer,102,505,419,X-ray,home sapiens,peroxisome proliferator-activated receptor gamma|PPAR-gamma|nuclear receptor subfamily 1 group C member 3|peroxisome proliferator-activated nuclear receptor gamma variant 1|peroxisome proliferator-activated receptor-gamma 5|peroxisome proliferator-activated receptor-gamma splicing
CXCL12,P48061,4UAI,1.90 A,"A, B",homo-dimer,22,89,68,X-ray,home sapiens,stromal cell-derived factor 1|chemokine (C-X-C motif) ligand 12|intercrine reduced in hepatomas|pre-B cell growth-stimulating factor
FN1, P02751,6MFA,1.75 A,A,monomer,903,1268,369,X-ray,home sapiens,fibronectin|cold-insoluble globulin|epididymis secretory sperm binding protein|migration-stimulating factor
RUNX1,Q01196,1H9D,2.60 A ,"A, C",hetero-dimer,50,183,134,X-ray,home sapiens,"runt-related transcription factor 1|AML1-EVI-1 fusion protein|PEA2-alpha B|PEBP2-alpha B|SL3-3 enhancer factor 1 alpha B subunit|SL3/AKV core-binding factor alpha B subunit|acute myeloid leukemia 1 protein|core-binding factor, runt domain, alpha subunit 2|mutant RUNX1|oncogene AML-1|polyomavirus enhancer-binding protein 2 alpha B subunit|runt related transcription factor 1"
HRAS,P01112,6Q21,1.95 A ,"A, B, C, D",homo-tetramer,1,171,171,X-ray,home sapiens,GTPase HRas|GTP- and GDP-binding peptide B|Ha-Ras1 proto-oncoprotein|Harvey rat sarcoma viral oncogene homolog|Harvey rat sarcoma viral oncoprotein|Ras family small GTP binding protein H-Ras|c-has/bas p21 protein|p19 H-RasIDX protein|transformation gene: oncogene HAMSV|transforming protein p21|v-Ha-ras Harvey rat sarcoma viral oncogene homolog
EZR,P15311,4RM8,1.90 A,"A, B",homo-dimer,1,586,587,X-ray,home sapiens,ezrin|cytovillin 2|epididymis secretory protein Li 105|p81|villin 2 (ezrin)
NRAS,P01111,6ZIO,1.55A,"A, B",homo-dimer,1,172,173,X-ray,home sapiens,GTPase NRas|N-ras protein part 4|neuroblastoma RAS viral (v-ras) oncogene homolog|neuroblastoma RAS viral oncogene homolog|transforming protein N-Ras|v-ras neuroblastoma RAS viral oncogene homolog
ATG16L1,Q676U5,5NPV,3.10 A,"B, D",hetero-dimer,11,307,301,X-ray,home sapiens,autophagy-related protein 16-1|APG16L beta|ATG16 autophagy related 16-like 1|WD repeat domain 30
PRKACA,P17252,4RA4,2.63 A,A,monomer,319,672,355,X-ray,home sapiens,"cAMP-dependent protein kinase catalytic subunit alpha|PKA C-alpha|protein kinase A catalytic subunit|protein kinase, cAMP-dependent, alpha catalytic subunit|protein kinase, cAMP-dependent, catalytic, alpha"
ITGB2,P05107,3K6S,3.50 A,"B, D, F, H",hetero-dimer,23,699,687,X-ray,home sapiens,"integrin beta-2|cell surface adhesion glycoprotein (LFA-1/CR3/P150,959 beta subunit precursor)|complement component 3 receptor 3 and 4 subunit|complement receptor C3 beta-subunit|integrin beta chain, beta 2|integrin, beta 2 (complement component 3 receptor 3 and 4 subunit)|leukocyte cell adhesion molecule CD18|leukocyte-associated antigens CD18/11A, CD18/11B, CD18/11C|truncated integrin beta-2"
MSN,P26038,6TXQ,1.73 A,A [auth AAA],monomer,1,346,347,X-ray,homo sapiens,moesin|epididymis luminal protein 70|membrane-organizing extension spike protein
U2AF2,P26368,2G4B,2.50 A,B [auth A],monomer,148,336,172,X-ray,home sapiens,splicing factor U2AF 65 kDa subunit|U2 (RNU2) small nuclear RNA auxiliary factor 2|U2 auxiliary factor 65 kDa subunit|U2 small nuclear ribonucleoprotein auxiliary factor (65kD)|U2 snRNP auxiliary factor large subunit|hU2AF65
ATXN2, Q99700,3KTR,1.70 A,B,hetero-dimer,912,928,17,X-ray,home sapiens,ataxin-2|spinocerebellar ataxia type 2 protein|trinucleotide repeat-containing gene 13 protein
SIRT7,Q9NRC8,5IQZ,2.33 A,A,monomer,5,73,443,X-ray,home sapiens,"NAD-dependent protein deacetylase sirtuin-7|NAD-dependent deacetylase sirtuin-7|NAD-dependent protein deacylase sirtuin-7|SIR2-like protein 7|regulatory protein SIR2 homolog 7|silent mating type information regulation 2, S.cerevisiae, homolog 7|sir2-related protein type 7|sirtuin type 7"
HERC2,O95714,4L1M,2.60 A ,"A, B, C",homo-trimer,417,790,392,X-ray,home sapiens,E3 ubiquitin-protein ligase HERC2|HECT-type E3 ubiquitin transferase HERC2|hect domain and RCC1-like domain-containing protein 2|hect domain and RLD 2|probable E3 ubiquitin-protein ligase HERC2
SLPI, P03973,2Z7F,1.70 A,B [auth I],hetero-dimer,83,132,50,X-ray,home sapiens,antileukoproteinase|HUSI-1|WAP four-disulfide core domain protein 4|mucus proteinase inhibitor|protease inhibitor WAP4|secretory leukocyte protease inhibitor (antileukoproteinase)|seminal proteinase inhibitor
PLS3,P13797,1AOA,2.40 A,A,monomer,101,375,275,X-ray,home sapiens,plastin-3|T fimbrin|T plastin
RAD23B,P54727,1UEL,,A,hetero-dimer,1,87,95,NMR,home sapiens,"UV excision repair protein RAD23 homolog B|RAD23, yeast homolog of, B|XP-C repair complementing complex 58 kDa|XP-C repair complementing protein|XP-C repair-complementing complex 58 kDa protein"
NR2C2, P49116,3P0U,3.00 A,"A, B",homo-dimer,348,596,249,X-ray,home sapiens,nuclear receptor subfamily 2 group C member 2|Nuclear hormone receptor TR4|orphan nuclear receptor TAK1|orphan nuclear receptor TR4|orphan receptor TR4|testicular nuclear receptor 4
RNF41,Q9H4P4,2FZP,1.87 A,A,monomer,193,317,144,X-ray,home sapiens,"E3 ubiquitin-protein ligase NRDP1|RING-type E3 ubiquitin transferase NRDP1|fetal liver ring finger|neuregulin receptor degradation protein-1|ring finger protein 41, E3 ubiquitin protein ligase"
AIF1,P55008,2D58,1.90 A,A,monomer,17,123,107,X-ray,home sapiens,allograft inflammatory factor 1|interferon gamma responsive transcript|ionized calcium-binding adapter molecule 1|protein G1
HEXIM1,O94992,3S9G,2.10 A,"A, B",homo-dimer,255,359,104,X-ray,home sapiens,protein HEXIM1|HMBA-inducible|cardiac lineage protein 1|estrogen down-regulated gene 1 protein|hexamethylene bis-acetamide inducible 1|hexamethylene bis-acetamide-inducible protein 1|hexamethylene bisacetamide inducible 1|hexamethylene bisacetamide-inducible protein|hexamethylene-bis-acetamide-inducible transcript 1|hexamthylene bis-acetamide inducible 1|menage a quatre 1|menage a quatre protein 1
DPF2,Q92785,5VDC,1.60 A,A,monomer,270,391,126,X-ray,home sapiens,"zinc finger protein ubi-d4|BAF45D|BRG1-associated factor 45D|D4, zinc and double PHD fingers family 2|apoptosis response zinc finger protein|protein requiem|requiem, apoptosis response zinc finger"
GLYR1,Q49A26,2UYY,2.50 A,"A, B, C, D",homo-tetramer,261,553,316,X-ray,home sapiens,putative oxidoreductase GLYR1|3-hydroxyisobutyrate dehydrogenase-like protein|cytokine-like nuclear factor n-pac|nuclear protein 60 kDa|nuclear protein 60kDa|nuclear protein NP60|nuclear protein of 60 kDa|nucleosome-destabilizing factor
MED23,Q9ULK4,6H02,2.80 A ,A,hetero-dimer,1,1368,1382,X-ray,home sapiens,"mediator of RNA polymerase II transcription subunit 23|130 kDa transcriptional co-activator|133 kDa transcriptional co-activator|activator-recruited cofactor 130 kDa component|cofactor required for Sp1 transcriptional activation subunit 3|mental retardation, non-syndromic, autosomal recessive, 18|vitamin D3 receptor interacting protein"
DDX19B,Q9UMR2,3FMP,3.19 A ,"B, D",hetero-dimer,1,479,479,X-ray,home sapiens,"ATP-dependent RNA helicase DDX19B|ATP-dependent RNA helicase DDX19|DEAD (Asp-Glu-Ala-As) box polypeptide 19B|DEAD (Asp-Glu-Ala-Asp) box polypeptide 19B|DEAD box protein 19B|DEAD-box RNA helicase DEAD5|DEAD-box protein 5|DEAD/H (Asp-Glu-Ala-Asp/His) box polypeptide 19 (Dbp5, yeast, homolog)|yeast Dbp5 homolog"
BICD2,Q8TD16,6PSE,2.40 A,"A, B",hetero-dimer,1,98,100,X-ray,home sapiens,protein bicaudal D homolog 1|bicaudal D homolog 1|cytoskeleton-like bicaudal D protein homolog 1
PPME1,Q9Y570,3C5V,2.00 A,A,monomer,39,386,316,X-ray,homo-sapiens,protein phosphatase methylesterase 1|testicular secretory protein Li 39
PLEKHA4,Q9H4M7,1UPQ,1.48 A,A,monomer,45,167,123,X-ray,home sapiens,"pleckstrin homology domain-containing family A member 4|PH domain-containing family A member 4|phosphoinositol 3-phosphate-binding PH domain protein 1|pleckstrin homology domain containing, family A (phosphoinositide binding specific) member 4"
SERPINC,P01008,3KCG,1.70 A,I,hetero-trimer,33,464,432,X-ray,homo sapiens,"antithrombin-III|serine (or cysteine) proteinase inhibitor, clade C (antithrombin), member 1|serpin peptidase inhibitor clade C member 1|serpin peptidase inhibitor, clade C (antithrombin), member 1"